"번호·시기","원문 URL","보고된 상황·결과","적용 판단"
"C01 · 2024-01-31","[AIinAsia, 200개 이상 글](https://support.google.com/adsense/thread/256234262/adsense-flagged-as-low-value-content-on-a-new-site-which-is-gaining-rapid-traction-what-can-i-do?hl=en)","약 2개월 사이트, 200개 이상 글, 저가치 거절. 승인 전환은 확인 못 함","글 수만 늘리는 처방을 배제"
"C02 · 2026-06-14","[koreaandbeyond.com, 5회 거절](https://support.google.com/adsense/thread/441548021/구글애드센스-반복-거절에-대한-명확한-사유-확인-요청)","직접 방문·촬영, 1,000자 이상, 소개·정책·연락처가 있는데도 5회 거절했다고 보고. 검색 결과의 원문 발췌로 확인, 공개 답변·결과 미확인","직접 사진과 필수 페이지도 단독 합격 조건은 아님"
"C03 · 2026, 상대 날짜 표시","[AI Metadata Cleaner, 4회 거절](https://www.reddit.com/r/Adsense/comments/1s6pn2b/toolutility_site_rejected_4x_for_low_value/)","도구 5개, 블로그 61개, 월 7,500+ 방문자, SSR과 안내 페이지를 갖췄다고 보고. 당시 미승인","기능·분량·기술 점수의 조합만으로 충분하다고 단정하지 않음"
"C04 · 2026, 상대 날짜 표시","[독일 계산기 3회 거절](https://www.reddit.com/r/Adsense/comments/1twn0gc/german_calculator_site_at_50k_visits3mo_rejected/) → [같은 작성자의 4회차 승인 보고](https://www.reddit.com/r/Adsense/comments/1u17l52/finally_approved/)","3개월 5만 방문인데 거절, 이후 승인. 작성자는 구체적인 수정 내용을 설명하지 못함","도구 사이트 승인 불가능론의 반례. 무엇이 승인시켰는지는 미확인"
"C05 · 2026, 상대 날짜 표시","[인도 대상 도구 사이트, 3회차 승인](https://www.reddit.com/r/Adsense/comments/1u27yv2/here_is_what_got_me_approved_on_3rd_attempt/)","도구1·블로그0 → 도구2·글4는 거절, 도구3·글12에서 승인. 기간·트래픽도 함께 변화","독립 콘텐츠 보강은 시도할 가치가 있으나 ‘12개면 승인’으로 해석 불가"
"C06 · 2026-08-16","[Ee-Tool, 73개 도구](https://note.com/builders_loop/n/ne2e68687c3f7?hl=en)","iframe·robots 구성과 적은 고유 본문을 발견하고 개편. 본문 말미에 재심사 결과 대기라고 명시","제목은 원인 해결처럼 보여도 승인 성공 사례는 아님. 본문 접근성을 확인하는 교훈만 적용"
"C07 · 2026-08-28","[gamebuddies.io, 6회 거절](https://www.reddit.com/r/Adsense/comments/1w0vfqm/rejected_6x_for_low_value_content_with_50k_visits/)","직접 만든 게임17개, 약30개 글, 30일 약5만 방문·19만 페이지뷰인데 6회 거절","트래픽과 제작 노력도 승인을 보장하지 않는다"
"C08 · 2026-05-21","[게임 공략 사이트, 검색 클릭 4,330](https://www.reddit.com/r/Adsense/comments/1tj5gcs/frustrating_got_70k_impressions_43k_clicks_in_10/)","10일 검색 노출6.97만·클릭4,330, 독창적 공략이라고 보고하지만 거절","검색 성과와 광고 심사는 별개. 검색 노출만 회복하고 재신청하지 않음"
"C09 · 2026, 상대 날짜 표시","[flexkit.net 반복 거절](https://www.reddit.com/r/Adsense/comments/1sq79yn/adsense_keeps_rejecting_my_tools_site_for_low/)","정상 작동하는 직접 제작 도구 모음이라고 보고. 당시 미해결","작동 여부와 이용자가 다른 사이트 대신 선택할 이유는 별개"
"C10 · 2026, 상대 날짜 표시","[calculafutbol.com 축구 계산기](https://www.reddit.com/r/Adsense/comments/1qlhzqw/rejected_for_low_value_content_no_content_advice/)","저가치와 게시자 콘텐츠 없는 화면 거절을 함께 보고","주요 결과와 근거를 입력·탐색 UI에 종속시키지 않기"
"C11 · 2025-12-13","[quackthink.com, 2회 거절](https://www.reddit.com/r/Adsense/comments/1plsnao/is_it_possible_to_get_my_trivia_game_site_approved/)","플레이 방법·소개·약관을 더했지만 2회 거절","일반적인 사용 설명을 추가하는 것만으로 충분하지 않을 수 있음"
"C12 · 2022-09-13 게시, 6월 승인 회고","[IT blog, 7회 거절 후 8회차 승인](https://it-techtree.tistory.com/entry/review-accept-adsense)","기존 글 교정·발행·색인 요청·검색 유입 증가 뒤 승인 보고","오탈자 정정과 발견 가능성은 점검. 특정 수정 하나의 인과 효과는 미확인"
"C13 · 2024-02-24","[임티플, 개설 54일 후 승인](https://limtiful.tistory.com/43)","1,200~1,500자·통일 주제에도 거절. 문장부호·사진·분류·글을 함께 변경한 뒤 승인","마침표나 사진 개수를 승인 공식으로 채택하지 않음"
"C14 · 2021년 회고","[Cozylife, 7개월 만의 승인](https://cozylife.tistory.com/entry/신청-7개월만의-애드센스-승인-후기)","중복 계정·광고 설정·다른 블로그에서 옮긴 글 등 여러 변수가 있음. 다시 타이핑한 뒤에도 거절, 이후 승인 보고","재타이핑이 중복·저가치를 해결한다는 주장은 채택하지 않음"
"C15 · 2023-06-27","[서비스 사이트의 저가치 문의](https://support.google.com/adsense/thread/222844692/how-to-fix-low-value-content-policy-violation?hl=en)","독창적인 서비스라고 주장. 커뮤니티에서 서비스와 문서 콘텐츠 차이를 지적. 승인 결과 미확인","‘서비스니까 불가’, ‘암호화폐면 무조건 불가’ 같은 답변을 공식 정책으로 확대하지 않음"